[
  {
    "idea_id": "idea_2025_11_20_001",
    "title_ko": "리필 스테이션",
    "one_liner": "친환경 리필 솔루션으로 플라스틱 사용 줄이기",
    "problem": "일회용 플라스틱 용기의 사용 증가로 인한 환경 오염 문제",
    "solution": "소비자가 필요한 만큼만 리필할 수 있는 스테이션 제공",
    "target_user": "환경을 생각하는 소비자 및 지속 가능한 제품을 선호하는 젊은 층",
    "why_now": "리필 시장의 연간 거래량은 약 992억 원에 달하며, 이는 지속 가능한 소비 트렌드의 증가를 반영합니다. · 리필 스테이션의 시장 성장률은 -0.595%로, 경쟁이 치열하지만 여전히 시장 내 기회가 존재합니다.",
    "biz_model": "리필 1회 ₩5,000",
    "gtm_tactics": "SNS 및 환경 관련 커뮤니티를 통한 초기 고객 유치",
    "validation_steps": "2주: 시장 조사 및 초기 고객 피드백 수집 (목표: 100명 피드백) / 4주: 프로토타입 리필 스테이션 설치 및 운영 (목표: 월 50회 리필)",
    "tags": [
      "리필 스테이션",
      "살롱 예약",
      "재활용 포장",
      "동네 물류"
    ],
    "score_breakdown": {
      "trend": 100,
      "market": 0,
      "competition_invert": 100,
      "feasibility": 50,
      "monetization": 50,
      "regulatory_invert": 50
    },
    "score_total": 70,
    "trend_link": [
      "tr_0002"
    ],
    "is_today": true,
    "why_cards": [
      "리필 시장의 연간 거래량은 약 992억 원에 달하며, 이는 지속 가능한 소비 트렌드의 증가를 반영합니다.",
      "리필 스테이션의 시장 성장률은 -0.595%로, 경쟁이 치열하지만 여전히 시장 내 기회가 존재합니다."
    ],
    "gap_notes": [
      "현재 리필 스테이션의 수가 부족하여 소비자 접근성이 떨어짐 (예: 대도시 내 리필 스테이션 10개 미만)"
    ],
    "exec_steps": [
      "2주: 시장 조사 및 초기 고객 피드백 수집 (목표: 100명 피드백)",
      "4주: 프로토타입 리필 스테이션 설치 및 운영 (목표: 월 50회 리필)",
      "8주: 마케팅 캠페인 시작 및 고객 유치 (목표: 200명 신규 고객 확보)"
    ],
    "evidence": [],
    "offer_ladder": [
      {
        "name": "Lead Magnet",
        "price": "Free"
      },
      {
        "name": "Core",
        "price": "₩5,000/리필"
      }
    ],
    "pricing": [
      "리필 1회 ₩5,000"
    ],
    "channels": [
      "SNS 광고",
      "환경 관련 커뮤니티",
      "오프라인 팝업 스토어"
    ],
    "competitors": [],
    "personas": []
  }
]