[
  {
    "trend_id": "tr_0002",
    "keyword": "리필 스테이션",
    "trend_score": 100,
    "volume": 991.98108,
    "growth_percent": -0.595,
    "region": "KR",
    "timespan": "12w",
    "series": [
      {
        "date": "2025-08-25",
        "value": 93.39622
      },
      {
        "date": "2025-09-01",
        "value": 77.83018
      },
      {
        "date": "2025-09-08",
        "value": 86.32075
      },
      {
        "date": "2025-09-15",
        "value": 96.69811
      },
      {
        "date": "2025-09-22",
        "value": 66.50943
      },
      {
        "date": "2025-09-29",
        "value": 67.45283
      },
      {
        "date": "2025-10-06",
        "value": 40.56603
      },
      {
        "date": "2025-10-13",
        "value": 96.22641
      },
      {
        "date": "2025-10-20",
        "value": 81.13207
      },
      {
        "date": "2025-10-27",
        "value": 89.62264
      },
      {
        "date": "2025-11-03",
        "value": 100.0
      },
      {
        "date": "2025-11-10",
        "value": 68.86792
      },
      {
        "date": "2025-11-17",
        "value": 27.35849
      }
    ],
    "evidence_rawitems": [],
    "updated_at": "2025-11-20T00:14:23.237551+09:00"
  },
  {
    "trend_id": "tr_0001",
    "keyword": "살롱 예약",
    "trend_score": 0,
    "volume": 0,
    "growth_percent": 0.0,
    "region": "KR",
    "timespan": "12w",
    "series": [],
    "evidence_rawitems": [],
    "updated_at": "2025-11-20T00:14:22.545931+09:00"
  },
  {
    "trend_id": "tr_0003",
    "keyword": "재활용 포장",
    "trend_score": 0,
    "volume": 0,
    "growth_percent": 0.0,
    "region": "KR",
    "timespan": "12w",
    "series": [],
    "evidence_rawitems": [],
    "updated_at": "2025-11-20T00:14:23.924099+09:00"
  },
  {
    "trend_id": "tr_0004",
    "keyword": "동네 물류",
    "trend_score": 0,
    "volume": 0,
    "growth_percent": 0.0,
    "region": "KR",
    "timespan": "12w",
    "series": [],
    "evidence_rawitems": [],
    "updated_at": "2025-11-20T00:14:24.635112+09:00"
  },
  {
    "trend_id": "tr_0005",
    "keyword": "노코드 자동화",
    "trend_score": 0,
    "volume": 0,
    "growth_percent": 0.0,
    "region": "KR",
    "timespan": "12w",
    "series": [],
    "evidence_rawitems": [],
    "updated_at": "2025-11-20T00:14:25.317056+09:00"
  },
  {
    "trend_id": "tr_0006",
    "keyword": "반려동물 헬스",
    "trend_score": 0,
    "volume": 0,
    "growth_percent": 0.0,
    "region": "KR",
    "timespan": "12w",
    "series": [],
    "evidence_rawitems": [],
    "updated_at": "2025-11-20T00:14:26.018488+09:00"
  }
]